macro_region,Agriculture__AgOnly__AVG
USA,0.0
EU-15,0.0
EU-27,0.027199613183944885
Europe_Non_EU,0.0
Japan,1.7286359601969432
China,1.3167812910409644
India,2.972321104052847
South Korea,2.728148012067117
Canada,0.0
Australia_NZ,0.0
Mexico,0.0
Russia,0.0
Brazil,2.71595825333827
South Africa,2.040717706080055
Argentina,1.595965006649422
Indonesia,3.56991780773026
Other,2.7185279910090947
